ID	Lemma	Definition	Konzept	Konzept_gemappt	Antwort_Modell
PM02984	Moze	Herbstzeitlose	kein_Trinken	Other	other
PW01453	Weiber-kleider	Frauenkleidung	kein_Trinken	Other	other
PR01115	Reib-eisen	zänkische Frau	kein_Trinken	Other	other
PH05790	hoch-tragend, -trag(en)ig, -tragicht, -trägig	trächtig im Endstadium (bes. von Kühen)	kein_Trinken	Other	other
PE00884	ein-schroten	zurechthauen und einpassen (Ziegel, Mauersteine)	kein_Trinken	Other	other
PW03354	wohl-tun	(Part. Perf.) geziemend, richtig getan	kein_Trinken	Other	other
PF03265	Finger-spitze	Fingerspitze	kein_Trinken	Other	other
PR00957	Regen-butzen	Regenschauer	kein_Trinken	Other	other
PR02555	Rück-köze	Rückenkorb mit Tragebändern, die über die Schultern gehen	kein_Trinken	Other	other
PL01063	Leder-halfter	Lederhalfter	kein_Trinken	Other	other
PK03973	Konzeptor	Lehrer	kein_Trinken	Other	other
PH04853	hinein-klettern	hineinklettern	kein_Trinken	Other	other
PB00199	Bäcker-lohn	Backgebühr	kein_Trinken	Other	other
PS08431	Spatzert, Spätzert	Sperling	kein_Trinken	Other	other
PF00829	feil-halten	disputieren	kein_Trinken	Other	other
PF05329	Fronleichnams-tag	katholischer Feiertag, der auf den zweiten Donnerstag nach Pfingsten fällt	kein_Trinken	Other	other
PE00418	Ei-gackel	Sumpfdotterblume	kein_Trinken	Other	other
PW01311	weg-hören	nicht hinhören	kein_Trinken	Other	other
PI00107	Immen-kraut	Melisse	kein_Trinken	Other	other
PD04412	Drilles	was sich um seine Achse im Kreise dreht	kein_Trinken	Other	other
PB05839	Brech-stange	Brechstange	kein_Trinken	Other	other
PB05745	braun	braun	kein_Trinken	Other	other
PZ00100	Zahn-schwären	Geschwür im Zahnbereich	kein_Trinken	Other	other
PK00621	kaputt	(attr) schadhaft in höchstem Grad, entzwei, zerstört, zerstört (von Sachen)	kein_Trinken	Other	other
PK02178	Kirchen-vater	Kirchenpfleger, Messner	kein_Trinken	Other	other
PH05601	Hirten-acker	Flurname	kein_Trinken	Other	other
PB04178	Blau-fabrik	Fabrik, die Ultramarin erzeugt	kein_Trinken	Other	other
PH03605	herum-klüngeln	vom Garnstrang abnehmen und zu einem Klüngel wickeln	kein_Trinken	Other	other
PU00348	Ulm	ein Kegelspiel	kein_Trinken	Other	other
PD01739	delikat	fein, zartfühlend	kein_Trinken	Other	other
PS08524	Speck-klotz	dicker Mensch, Fettwanst	kein_Trinken	Other	other
PH04401	Hickel-bank	mit Kreideauf dem Boden dargestellte Bahn für das Spiel Hickel(ch)ns	kein_Trinken	Other	other
PS07103	Sekretär	Schreibtisch	kein_Trinken	Other	other
PF05728	Funken-sonntag	der Sonntag Invokavit	kein_Trinken	Other	other
PS08600	Speierling	der Baum Sorbus domestica und seine Frucht	kein_Trinken	Other	other
PI00286	Italiener-huhn	die Hühnerrasse Italiener	kein_Trinken	Other	other
PB05547	Braddel	Kuhkot	kein_Trinken	Other	other
PM02615	Monats-frau	Haushaltshilfe, die stundenweise arbeitet (und monatlich entlohnt wird)	kein_Trinken	Other	other
PS06492	Schwengel	Geschlechtsteil des Hengstes	kein_Trinken	Other	other
PZ00099	Zahn-schrupper	Zahnbürste	kein_Trinken	Other	other
PS10650	Stern-buben	durch das Dorf ziehende und Gaben heischende Sternsingerbuben	kein_Trinken	Other	other
PL02335	Lotterie	Lotterie	kein_Trinken	Other	other
PF02041	ver-purzeln	purzelnd in Unordnung bringen, niedertreten	kein_Trinken	Other	other
PD02277	Diebchens	Knabenspiel	kein_Trinken	Other	other
PB06834	brutteln	schlecht arbeiten (vom Waschen und Stricken)	kein_Trinken	Other	other
PK02703	Klein-Schweinfurt	Neckname	kein_Trinken	Other	other
PE02068	er-wachsen	wachsen, gedeihen	kein_Trinken	Other	other
PW02082	Welts-kerl	ein besonders tüchtiger, erfolgreicher Mensch	kein_Trinken	Other	other
PK04669	kraukelig	klein und unscheinbar, kümmerlich	kein_Trinken	Other	other
PH00178	häckeln	beim Gehen die Fußknöchel aneinander reiben	kein_Trinken	Other	other
PK06048	kuttchern, küttchern	verstohlen lachen	kein_Trinken	Other	other
PM00985	Material	Material	kein_Trinken	Other	other
PK04330	Köze	aus Weiden oder Holzspänen geflochtener Rückenkorb mit Tragebändern	kein_Trinken	Other	other
PS08445	spauzen	Glut, Asche, Hitze von sich geben (vom Feuer)	kein_Trinken	Other	other
PJ00045	Jagd-spezel	Jagdfreund	kein_Trinken	Other	other
PN01063	Neun-töter, Neune-	Aeschna cyanea	kein_Trinken	Other	other
PK04335	Közen-korb	großer Korb für Häcksel	kein_Trinken	Other	other
PD01650	Deichsel-schraube	Stift an derDeichsel, der das Herausgleiten der Aufhaltkette verhindert	kein_Trinken	Other	other
PK01336	Kegel-geld	der von der verlierenden Partie zu zahlende Betrag	kein_Trinken	Other	other
PS11347	Stößel-pumpe	Jauchepumpe	kein_Trinken	Other	other
PZ01963	Zwerg-erbse	niedrig wachsende Erbsensorte	kein_Trinken	Other	other
PF02194	ver-schlafen	schläfrig, schlaftrunken	kein_Trinken	Other	other
PL02432	luft-leer	luftleer	kein_Trinken	Other	other
PB05125	Bord	Totentragbahre	kein_Trinken	Other	other
PF04357	Vor-beter	wer vorbetet	kein_Trinken	Other	other
PF02128	ver-rupfen	zerrupfen	kein_Trinken	Other	other
PH07488	Huren-bock	lasterhafter Mann	kein_Trinken	Other	other
PS07108	Sekunde	Sekunde	kein_Trinken	Other	other
PS08659	Spelle	Stecknadel	kein_Trinken	Other	other
PH04114	Herz-förmchen	Blechform zum Ausstechen des herzförmigen Kleingebäcks	kein_Trinken	Other	other
PH04001	herunter-rudeln	massenhaft herabfallen	kein_Trinken	Other	other
PS08128	Sottisen	unnötige Umstände	kein_Trinken	Other	other
PS08176	spälteln	Holz zum Feueranmachen in feine Späne spalten	kein_Trinken	Other	other
PM01844	Milch-bart	flaumiger, weicher Bartansatz bei Jugendlichen	kein_Trinken	Other	other
PH03492	herum-drücken	alle Arbeiten machen lassen	kein_Trinken	Other	other
PS01178	Sau-staller, -ställer	Neckname	kein_Trinken	Other	other
PD05469	durch-schlagen	eine Mauer durchbrechen	kein_Trinken	Other	other
PW00640	Wande	Streifen am Ende des Ackers, an dem der Pflug wendet	kein_Trinken	Other	other
PB03342	Pienseler	empfindliche, weinerliche Person	kein_Trinken	Other	other
PS05858	Schüssel-schaft	Regal für Schüsseln und Teller	kein_Trinken	Other	other
PK03692	Kohl-hübel	Flurname	kein_Trinken	Other	other
PF02713	Vesper	Nachmittagsgottesdienst bei Katholiken, Abendmesse	kein_Trinken	Other	other
PS00905	Saufen-zuber	Standgefäß, in dem das Viehfutter gesammelt und angemengt wird	kein_Trinken	Other	other
PK00124	Kaft, Käft	eiserner Ring am Pflug, in dem das Sech mit einem Holzkeil festgeklemmt wird	kein_Trinken	Other	other
PD03009	Dörfer	die Dorfbewohner	kein_Trinken	Other	other
PS10063	starren	mit unbewegten Augen blicken, etwas mit den Augen fixieren	kein_Trinken	Other	other
PS04153	Schnaken-messer	altes, rostiges, abgenutztes Messer	kein_Trinken	Other	other
PL02463	Lügen-bock	Lügner	kein_Trinken	Other	other
PS10009	Stangen-rose	Malve (Althea rosea Cav.)Gartenblume	kein_Trinken	Other	other
PK01609	Kessel-fabrik	Kesselfabrik	kein_Trinken	Other	other
PE00405	Eier-weck	mürbes Brötchen	kein_Trinken	Other	other
PF01649	ver-klabern	mit klebrigem Schmutz bedecken	kein_Trinken	Other	other
PS10171	stechen	jemanden überlisten, austricksen	kein_Trinken	Other	other
PB04479	Blümchen-rühr-mich-nicht-an	schüchternes Kind	kein_Trinken	Other	other
PA03743	aus-hauen	roden	kein_Trinken	Other	other
PW01223	wecken	wach machen	kein_Trinken	Other	other
PD04553	Drohnen-brut	Brut, aus der nur Drohnen hervorgehen	kein_Trinken	Other	other
PA02197	Anschläge-fresser	Mensch, der immer wieder neue Wünsche und Pläne hat	kein_Trinken	Other	other
PA01982	Anke(l)	Nacken, Genick	kein_Trinken	Other	other
PF00258	falzen	balzen	kein_Trinken	Other	other
PO00818	Oster-gasse	Flurname	kein_Trinken	Other	other
PL00846	Laus-ficke	Mensch mit verfilztem, verlaustem Haar	kein_Trinken	Other	other
PA00191	ab-fahren	durch Fahren abnützen	kein_Trinken	Other	other
PA00857	ab-wälzen	abwälzen	kein_Trinken	Other	other
PG04185	grimmen	zusammenziehen (den Mund beim Genuß scharfer Sachen)	kein_Trinken	Other	other
PS01386	schäffeln	tauen	kein_Trinken	Other	other
PW01176	Watz-klickert	komischer Kauz	kein_Trinken	Other	other
PS00195	Säge-blatt	Sägeblatt	kein_Trinken	Other	other
PD03019	Dorf-glocke	weibliche Person, die alle Dorfneuigkeiten weiß und verbreitet	kein_Trinken	Other	other
PK00418	Kampanje	zeitlich befristete Unternehmung, Hauptbetriebszeit	kein_Trinken	Other	other
PS06892	Seiber-gusche	wer viel und zugleich unüberlegt redet	kein_Trinken	Other	other
PS06404	Schwein-pelz	unsauberer, gemeiner Mensch	kein_Trinken	Other	other
PS12419	Stutzen	das untere, dicke Ende einer Getreidegarbe	kein_Trinken	Other	other
PS03037	schlecht	einfach, schlicht	kein_Trinken	Other	other
PK01399	keilen, keideln	werfen, schleudern	kein_Trinken	Other	other
PF03995	Flor-kleid	Kleid aus Flor	kein_Trinken	Other	other
PK01294	Kaute	Flurname	kein_Trinken	Other	other
PD04254	Drescher	Dreschwagen, Dreschmaschine	kein_Trinken	Other	other
PB07269	Pumpen-kübelchen	kleiner Kübel an der Wasserpumpe	kein_Trinken	Other	other
PG03404	glücken	glücken	kein_Trinken	Other	other
PS08699	Spende	Armenfonds, Sozialleistung für Arme	kein_Trinken	Other	other
PS01287	schäbig, schabig	unsinnig (schabiges Zeug machen = Unsinn treiben)	kein_Trinken	Other	other
PM02582	Mollo	Kopf	kein_Trinken	Other	other
PZ01180	zu-fahren	drauflos fahren, zügig fahren	kein_Trinken	Other	other
PE01635	Ent-setzung	Absetzung, Entlassung aus einem Amt	kein_Trinken	Other	other
PS07736	Skelett	Skelett	kein_Trinken	Other	other
PA02514	Apfel-körbchen	Gerät zum Obstbrechen	kein_Trinken	Other	other
PS11258	Stopsel, Stöpsel	kleingewachsener Mensch	kein_Trinken	Other	other
PK02879	Kloster-gasse	Gasse, die an ein Kloster oder an einenklösterlichen Gutshof erinnert	kein_Trinken	Other	other
PK01160	Katzen-narr	großer Katzenfreund	kein_Trinken	Other	other
PK00742	Karo	viereckige Abteilung des Gartens	kein_Trinken	Other	other
PS05085	schoren	(mit dem Spaten) umgraben	kein_Trinken	Other	other
PB00111	Pacht-acker	gepachteter Acker	kein_Trinken	Other	other
PS06699	Schwuppch	Schwung, Stoß	kein_Trinken	Other	other
PZ00948	Zoll	Zollkontrolle, Zollamt, Zollstation	kein_Trinken	Other	other
PI00023	Igel	Kastanienhülse	kein_Trinken	Other	other
PK02179	Kirchen-vermögen	Kirchenvermögen	kein_Trinken	Other	other
PA02270	An-sinnen	Ansinnen	kein_Trinken	Other	other
PM01335	Meckes, Mekes	im Wachstum zurückgebliebenes Tier	kein_Trinken	Other	other
PN01043	neun-eckig	faul, ungefällig	kein_Trinken	Other	other
PA03359	auf-springen	aufbersten	kein_Trinken	Other	other
PB01591	be-gehren	begehren	kein_Trinken	Other	other
PB02119	be-ruhigen	nach einer Aufregung ruhig werden	kein_Trinken	Other	other
PN00735	Nebel-macher	wer Darmwinde streichen läßt	kein_Trinken	Other	other
PA00823	ab-treten	überlassen, freiwillig abgeben	kein_Trinken	Other	other
PB04621	Blut-sturz	Blutsturz	kein_Trinken	Other	other
PH07312	Hunger-panz	Geizhals	kein_Trinken	Other	other
PG03137	Glan-rasse	eine im Glantal gezüchtete Rindviehrasse	kein_Trinken	Other	other
PH06042	Hohl-meißel	Meißel mit ausgehöhlter Schneide	kein_Trinken	Other	other
PS04573	Schneller-bogen	Armbrust als Spielzeug der Jungen	kein_Trinken	Other	other
PS10548	Stelle	Ort, Platz	kein_Trinken	Other	other
PG03098	Giraffe	überaus große Person	kein_Trinken	Other	other
PH04101	Herz-drücker	Kartoffeln	kein_Trinken	Other	other
PN00539	Näppes	kleiner Mann	kein_Trinken	Other	other
PG00438	Garn-sack	Fangnetz für Vögel	kein_Trinken	Other	other
PS11515	Strang-schläger	Pferd, das die Unart hat, über die Stränge zu schlagen	kein_Trinken	Other	other
PG00626	Gattings-kuh	passende Kuh	kein_Trinken	Other	other
PB05524	Brach-wiese	auf Brachland angelegte Wiese	kein_Trinken	Other	other
PB01849	Belgier	Name einer Pferderasse (schweres Pferd)	kein_Trinken	Other	other
PR01351	Reiter-schule	Karussell	kein_Trinken	Other	other
PG01551	Gelb-füße	Neckname	kein_Trinken	Other	other
PB06345	Prophet	(ü) sachl.	kein_Trinken	Other	other
PS11314	Stör-näherin	Schneiderin, die ins Haus kommt	kein_Trinken	Other	other
PB07542	bus	tuberkulös (vom Rindvieh)	kein_Trinken	Other	other
PA02292	An-stand	Anstand auf der Jagd	kein_Trinken	Other	other
PS12129	Stuben-mücke	Stubenfliege (Musca domestica)	kein_Trinken	Other	other
PN00144	nach-plärren	nachschreien, nachbrüllen	kein_Trinken	Other	other
PR00308	ranksen	schimpfen	kein_Trinken	Other	other
PF04895	vorwärts-gehen	gut vonstatten gehen, sich günstig entwickeln	kein_Trinken	Other	other
PS05803	Schurgelchens	ein Klickerspiel	kein_Trinken	Other	other
PH00884	Handel	Kauf und Verkauf von Waren	kein_Trinken	Other	other
PE01290	Elends-klamm	Flurname	kein_Trinken	Other	other
PF02667	Ver-zeichnis	Schulzeugnis	kein_Trinken	Other	other
PL01760	Leute-schinder	reicher Mensch, der die Armen unterdrückt und ausnützt	kein_Trinken	Other	other
PB03162	Pfuhl-pritsche	Einspännerkarren, auf dem das Jauchefaß transportiert wird	kein_Trinken	Other	other
PA03467	Auf-zug	Vorrichtung zum Heben von Lasten	kein_Trinken	Other	other
PS12503	sudeln	gleichzeitig regnen und schneien	kein_Trinken	Other	other
PS04207	schnappen	(durch Kopfnicken) zustimmen, bejahen	kein_Trinken	Other	other
PS02488	Schinägler	Arbeiter	kein_Trinken	Other	other
PB04074	Platsch-maul	wer viel und Schlechtes über andere redet	kein_Trinken	Other	other
PH02525	Heller-zins	Geldleistung in Hellern	kein_Trinken	Other	other
PS11757	Streuner	wer draußen herumläuft, herumirrt	kein_Trinken	Other	other
PF00630	Faul-lieschen	Akelei	kein_Trinken	Other	other
PR01799	Ringel-hafte	Öse, in die die Hafte eingehängt wird	kein_Trinken	Other	other
PK01128	Katzen-haar	ein nicht näher bezeichnetes Unkraut	kein_Trinken	Other	other
PK00839	Kaschmir	feiner Wollstoff (früherer Zeit)	kein_Trinken	Other	other
PD03115	Dorn, Dornen	Stahlbolzen zum Durchlöchern von Eisenblech, auch zum Erweitern von Löchern	kein_Trinken	Other	other
PL01883	liederig, liedrig	kränklich, gesundheitlich hinfällig	kein_Trinken	Other	other
PM02794	Mords-kaffer	dummer Kerl	kein_Trinken	Other	other
PS04972	Schöffe	ehrenamtlicher Laienrichter	kein_Trinken	Other	other
PH02443	Heirats-jahre	Heiratsalter	kein_Trinken	Other	other
PA02713	Armen-recht	Armenrecht	kein_Trinken	Other	other
PB05606	Brand-platscher	Huflattich (Tussilago farfara)	kein_Trinken	Other	other
PA00327	ab-jagen	durch Jagen ermüden, abhetzen	kein_Trinken	Other	other
PK01739	Kienholz-fackel	Leuchte aus Kiefernholz	kein_Trinken	Other	other
PL01189	Lehnung	Verpachtung, insbes. öffentliche Pachtvergabe	kein_Trinken	Other	other
PR01836	Ring-wurst	große Wurst	kein_Trinken	Other	other
PD04933	Tuch-rock	Tuchrock	kein_Trinken	Other	other
PD03149	dornig	dornig	kein_Trinken	Other	other
PL00794	Lauf-pfeiler	Armbrust der Knaben	kein_Trinken	Other	other
PS05905	Schutt-halde	Abraumhalde des Steinbruchs	kein_Trinken	Other	other
PN00078	Nach-geschwistergockel	weitläufiger Verwandter	kein_Trinken	Other	other
PA02148	an-reiben	entzünden, auflösen	kein_Trinken	Other	other
PF03015	Vieh-natur	kerngesunde, widerstandsfähige Körperbeschaffenheit	kein_Trinken	Other	other
PS11397	Stotterin	eine stotternde Frau	kein_Trinken	Other	other
PS03267	Schleuder	Steinschleuder, bes. Gummischleuder der Knaben	kein_Trinken	Other	other
PS10879	stiel-faul	mit Fäulnisstellen am Stiel	kein_Trinken	Other	other
PN00363	Nack-arsch	Herbstzeitlose (Colchicum autumnale)	kein_Trinken	Other	other
PN00363	Nack-arsch	wirtschaftlich ruinierter Mensch	kein_Trinken	Other	other
PF02985	Vieh-hafen	eiserner, großer Topf zum Kochen des Viehfutters	kein_Trinken	Other	other
PF05611	führen	befördern, transportieren	kein_Trinken	Other	other
PK02053	Kirbe-kranz	Kranz (Kränze) am Kirbebaum	kein_Trinken	Other	other
PH03807	herum-stiefeln	viel unterwegs sein	kein_Trinken	Other	other
PJ00164	japsen	nach Luft schnappen	kein_Trinken	Other	other
PM01143	Maul-löcher	Nüstern	kein_Trinken	Other	other
PK04609	Krätscher	Eichelhäher	kein_Trinken	Other	other
PW03861	Würz-stüpfe	womit oder in was Gewürze zerstoßen werden	kein_Trinken	Other	other
PW03409	Wolfs-kreiser	zum Wolfsfang angestellte Person	kein_Trinken	Other	other
PH02939	heraus-witschen	entkommen	kein_Trinken	Other	other
PD05366	durch-hacken	entzweihacken (ein Stück Holz, ein Stück Fleisch)	kein_Trinken	Other	other
PM00059	Madamen-schenkel	Flaschenbirne	kein_Trinken	Trinken	Trinken
PQ00092	Qualm	Qualm	kein_Trinken	Other	other
PG04813	Gummi-zug	elastischer Ziehgriff am Schuh	kein_Trinken	Other	other
PB00355	Bahn-schlitten	Schneepflug	kein_Trinken	Other	other
PS11351	Stoßer, Stößer	ein Ferkelhändler	kein_Trinken	Other	other
PG01410	Geißler	Metzger, der hauptsächlich Ziegen schlachtet	kein_Trinken	Other	other
PS00952	Sau-gast	unverschämter, grober Mensch	kein_Trinken	Other	other
PD01150	Tasche, Täsche	Einbuchtung im Mauerwerk	kein_Trinken	Other	other
PD01049	Darm-verschlingung	Darmverschlingung	kein_Trinken	Other	other
PH06651	Hosen-knopf	Blütenknöpfe der Klette	kein_Trinken	Other	other
PD04509	Trittling	Stiefel	kein_Trinken	Other	other
PA03256	auf-reißen	mit dem Grubber bearbeiten	kein_Trinken	Other	other
PE00904	ein-setzen	in etwas hineinsetzen	kein_Trinken	Other	other
PR01347	reitern	im Galoppschritt huckepack tragen	kein_Trinken	Other	other
PA03222	auf-pitteln	auflockern	kein_Trinken	Other	other
PD05138	Dunkel-delle	Flurname	kein_Trinken	Other	other
PN00336	Nacht-wisch	Mädchen, das sich spät in der Nacht herumtreibt	kein_Trinken	Other	other
PL00792	läufnig	brünstig von Hündin und Katze	kein_Trinken	Other	other
PK02398	Klamm-haken	Klammer zum Zusammenhalten des Gerüsts	kein_Trinken	Other	other
PK01025	Kästen-wald	aus Edelkastanienbäumen bestehender Wald	kein_Trinken	Other	other
PJ00535	Jul-hähnchen	aus Ton geformter, innen hohler Vogel mit zwei Luftlöchern	kein_Trinken	Other	other
PZ00223	Zatze	Hündin	kein_Trinken	Other	other
PJ00363	Johann-Jakob	ungeschickter, einfältiger Mensch, der sich von anderen ausnutzen läßt	kein_Trinken	Other	other
PF01340	ver-eisen	sich mit einer Eiskruste bedecken	kein_Trinken	Other	other
PB03475	Bildung	Bildung	kein_Trinken	Other	other
PK02961	knäcken	ticken	kein_Trinken	Other	other
PS10963	Stinker	der Pilz Eierbovist	kein_Trinken	Other	other
PH02767	heraus-fliegen	aus einer Stellung entlassen werden	kein_Trinken	Other	other
PA03862	aus-nasen	ausschnüffeln	kein_Trinken	Other	other
PF00599	Faul-baum	aus Holz vom Faulbaum gemachter Zapfen	kein_Trinken	Other	other
PR01221	rein	sauber, frei von Verunreinigungen	kein_Trinken	Other	other
PN00313	Nacht-schmetterling	eine Mottenart zur Zeit der Heuernte	kein_Trinken	Other	other
PH05760	Hoch-schüler	Hochschüler	kein_Trinken	Other	other
PM03137	Mühl-stück	Flurname	kein_Trinken	Other	other
PG03109	Gitarre	Gitarre	kein_Trinken	Other	other
PE00643	ein-jagen	z.B. Angst einjagen	kein_Trinken	Other	other
PA03405	Auf-trag	Befehl	kein_Trinken	Other	other
PA04161	Aus-weg	Ausweg	kein_Trinken	Other	other
PU00439	Um-lauf	Bewegung um etwas herum, Kreisbewegung	kein_Trinken	Other	other
PW01526	Weide-bube	Hirtenjunge	kein_Trinken	Other	other
PK03244	kniffelig	genau, pedantisch	kein_Trinken	Other	other
PH06493	Hoppsa-sa	leichtfertiger Mensch	kein_Trinken	Other	other
PD00813	Tappian	Tölpel	kein_Trinken	Other	other
PL02319	Lotte	offene Stelle auf dem zugefrorenen Rhein	kein_Trinken	Other	other
PU00923	Unter-kaute	Mal, nach dem beim Klickern geworfen wird	kein_Trinken	Other	other
PD03195	Dort	lange, harte Halme im Heu	kein_Trinken	Other	other
PH06094	Holder-stock	Schwarzer Holunder (Sambucus nigra)	kein_Trinken	Other	other
PB00427	Balken	Pflugbaum	kein_Trinken	Other	other
PD00928	darauf-kriegen	einen Schlag versetzt bekommen	kein_Trinken	Other	other
PH03548	herum-gucken	zögern, Rücksicht nehmen	kein_Trinken	Other	other
PS05398	Schrott	zerkleinerter, behauener Hartstein; Abfall beim Steinhauen	kein_Trinken	Other	other
PB01097	Patsche	Backenschlag	kein_Trinken	Other	other
PD02017	Teufels-kerl	unbändiger Kerl, der andern einen Streich spielt	kein_Trinken	Other	other
PS03478	Schloß-kopf	Flurname	kein_Trinken	Other	other
PE01269	Elefanten-zahn	Elefantenzahn	kein_Trinken	Other	other
PS07903	sommern	Sommer werden	kein_Trinken	Other	other
PL01636	Leseholz-schein	Erlaubnis des Forstamtes zum Sammeln von Leseholz	kein_Trinken	Other	other
PW03347	Wohl-lust(en)	Übermut	kein_Trinken	Other	other
PH02806	heraus-kobern	von einer Krankheit erholen	kein_Trinken	Other	other
PS05951	Schutz-wald	zur Vermeidung der Bodenerosion gepflanzter Wald	kein_Trinken	Other	other
PD05140	dunkel-grau	dunkelgrau	kein_Trinken	Other	other
PU00728	un-grundig	unsauber	kein_Trinken	Other	other
PZ00773	Zimtwaffel-eisen	Waffeleisen  zum Backen der flachen Zimtwaffeln	kein_Trinken	Other	other
PG03245	Glecke, Gleck	Heubündel	kein_Trinken	Other	other
PM01028	Matzel	verhärteter Augenschleim	kein_Trinken	Other	other
PD04489	Drittel	Drittel	kein_Trinken	Other	other
PK04521	Krampf-ader, Kramp-, Kramm-	Krampfader, Kramp, Kramm	kein_Trinken	Other	other
PM00063	Mädchen, Mädel, Mäden	ältere unverheiratete Frau	kein_Trinken	Other	other
PB02903	Pfetter, Pfetterich	Anrede des Herrn durch das Gesinde	kein_Trinken	Other	other
PR00868	rechten	streiten, disputieren	kein_Trinken	Other	other
PS07459	Sieben-schläfer	zur Familie der Bilche gehörende Schlafmaus (Glis glis)	kein_Trinken	Other	other
PB06195	Priska	weibl. VN	kein_Trinken	Other	other
PH02820	heraus-lassen	am Saum verlängern	kein_Trinken	Other	other
PD02846	Toni	Hundename	kein_Trinken	Other	other
PA00232	ab-fordern	von einem etwas fordern	kein_Trinken	Other	other
PF05480	Frühjahrs-katze	im Frühling geworfene Katze	kein_Trinken	Other	other
PK01229	Katzuff, Katzoff	Metzger	kein_Trinken	Other	other
PE00542	ein-fach	schlicht	kein_Trinken	Other	other
PS03699	Schmal-weg	Flurname	kein_Trinken	Other	other
PA00709	ab-setzen	des Amtes entheben	kein_Trinken	Other	other
PG04317	groß-hansig	prahlerisch	kein_Trinken	Other	other
PR00071	Rad	Kurzform für Fahr-, Dampf- Motorrad	kein_Trinken	Other	other
PG00495	Garten-land	Gartenbeet	kein_Trinken	Other	other
PZ00525	Zeuge	wer z.B. vor Gericht ein eigenes Zeugnis zu einem Ereignis ablegt	kein_Trinken	Other	other
PH07310	hungern	nach etwas verlangen	kein_Trinken	Other	other
PL00581	laß	müde, schlaff, lässig, ohne Energie	kein_Trinken	Other	other
PU00358	Ulster	(weiter) Mantel für Männer	kein_Trinken	Other	other
PS11867	Stritze	Wurstmaschine des Metzgers	kein_Trinken	Other	other
PB05860	breisen	(ein)schnüren, einfassen	kein_Trinken	Other	other
PM03095	Mühl-bühl	Flurname	kein_Trinken	Other	other
PK04484	Krämer	Kolonialwarenhändler, Inhaber eines kleinen Ladengeschäftes	kein_Trinken	Other	other
PS04862	Schnur	Sehne am Bogen zum Pfeilschießen	kein_Trinken	Other	other
PG02368	Ge-schmeiß	kleine Kinder	kein_Trinken	Other	other
PS10171	stechen	beim Kartenspiel gebräuchlicher Ausdruck	kein_Trinken	Other	other
PA00425	ab-ledig	fade	kein_Trinken	Other	other
PD04200	Treitschel	Schaukel	kein_Trinken	Other	other
PA00898	ab-witschen	abwischen	kein_Trinken	Other	other
PB02729	Pfeffer-knecht	Kaufmann	kein_Trinken	Other	other
PA00345	Ab-kauf	Loskauf	kein_Trinken	Other	other
PB04850	Bohnen-fäsel	Fasern an den grünen Bohnenhülsen	kein_Trinken	Other	other
PD00767	däperlich	widerlich schmeckend	kein_Trinken	Other	other
PR01147	Reichs-stein	Backstein 25 cm lang, 12 cm breit	kein_Trinken	Other	other
PK03467	knüppel-hart	sehr hart	kein_Trinken	Other	other
PG04101	Gricksel, Grickselchen	kleiner Mensch, kleines Mädchen	kein_Trinken	Other	other
PW01068	Wasser-reiter	das über das Wasser hingleitende Insekt Gerris gibbifer	kein_Trinken	Other	other
PF04436	Vorder-sturz	Verbindungsstück zwischen Pflugsgrindel und -haupt	kein_Trinken	Other	other
PA01247	Aktien-gesellschaft	Aktiengesellschaft	kein_Trinken	Other	other
PD05220	Tüpfen-boden	Topfboden	kein_Trinken	Other	other
PH04030	herunter-seckern	unordentlich abschneiden	kein_Trinken	Other	other
PB04612	Bluts-kopf	Seebinse	kein_Trinken	Other	other
PH05703	Hoch-bühne	Stockwerk über dem Erdgeschoß, Speicher	kein_Trinken	Other	other
PH07601	Hut-band	Hutband	kein_Trinken	Other	other
PS08638	Speis-sieb	Sieb für Mörtel	kein_Trinken	Other	other
PD02865	donner-keils	verflucht	kein_Trinken	Other	other
PR00567	ratzen	sich streiten	kein_Trinken	Other	other
PH06233	Holz-getäfel	Wandtäfelung in Wohnzimmern	kein_Trinken	Other	other
PF01638	ver-ketzern	falsch beschneiden (den Baum)	kein_Trinken	Other	other
PJ00288	Johann, Johannes	der Jünger Jesu	kein_Trinken	Other	other
PD03812	Trauf, Träuf, Traufe, Träufe	aus der Dachrinne abfließendes Regenwasser	kein_Trinken	Other	other
PB04784	bodemen, bödemen	auf den Boden werfen	kein_Trinken	Other	other
PD04505	drittig	verlängerte Form zu dritt	kein_Trinken	Other	other
PK02090	Kirbe-zeit	die Zeit der Kirbe (gewöhnlich nach der Ernte)	kein_Trinken	Other	other
PB04962	Polka	älterer Tanz	kein_Trinken	Other	other
PO00378	Ofen-rost	Rost, durch den die Asche in den Aschenkasten fällt	kein_Trinken	Other	other
PR00240	rammeln, rämmeln	stoßen	kein_Trinken	Other	other
PM00849	Martins-feuer	Feuer, das an Martini abgebrannt wurde	kein_Trinken	Other	other
PS12241	Stumpen	Stumpf, Stummel, Rest von etwas, kleine Menge	kein_Trinken	Other	other
PK02581	Kleetod-placken	von der Kleeseide befallene ringförmige Stelle im Acker	kein_Trinken	Other	other
PK04535	Krangel-peter	nörglerischer Mensch	kein_Trinken	Other	other
PS12730	Süßholz-raspler	wer anderen zum Gefallen redet, Schmeichler, Ohrenbläser	kein_Trinken	Other	other
PK01285	Kaul-quappe, -quappen	Froschlarve	kein_Trinken	Other	other
PB01555	Beele	unordentliches, einfältiges Frauenzimmer	kein_Trinken	Other	other
PF01547	ver-hitzen	sich erhitzen	kein_Trinken	Other	other
PH06705	Hosen-schisser	Angsthase, der sich nichts zutraut	kein_Trinken	Other	other
PB03954	Pläne-macher	wer dumme Pläne ersinnt	kein_Trinken	Other	other
PK02242	Kirsche	unveredelte Kirsche	kein_Trinken	Other	other
PB07699	Butter-faß	spitzes, spindelförmiges Schneckenhäuschen	kein_Trinken	Other	other
PD03115	Dorn, Dornen	Stift im Schloß, im Scharnierband, Drücker am Türschloß	kein_Trinken	Other	other
PM01721	metzeln	eine Schnur oder ähnliches durchreiben	kein_Trinken	Other	other
PS01993	Schein	Lichtausstrahlung	kein_Trinken	Other	other
PM02360	Mittel-brücke	Tragschemel in der Mitte des Wagens unter dem Wagenboden	kein_Trinken	Other	other
PH05789	hoch-tragen	hochtragen	kein_Trinken	Other	other
PF03373	Fisch-laich	Fischlaich	kein_Trinken	Other	other
PF04561	Form	Form zur Gestaltgebung bei Backwaren	kein_Trinken	Other	other
PG00119	Galgen	Balkengestell, in dem sich das Schleusenbrett bewegt	kein_Trinken	Other	other
PW02336	Wetter-mann	männliche Figur im Wetterhaus 1	kein_Trinken	Other	other
PS12167	Stück-wegs	Abschnitt, Strecke	kein_Trinken	Other	other
PL02390	luck-lassen	locker-, loslassen, nachgeben	kein_Trinken	Other	other
PA03415	Auf-tritt	Zank, Streit	kein_Trinken	Other	other
PB02333	Betlehem	biblischer Ortsname	kein_Trinken	Other	other
PB06989	Büchten-eck	Flurname	kein_Trinken	Other	other
PH03899	herum-wirtschaften	ohne Unterlaß tätig sein	kein_Trinken	Other	other
PN01040	Neun-angler	große Hornisse	kein_Trinken	Other	other
PF01077	ver-abreichen	Ohrfeigen geben	kein_Trinken	Other	other
PF01109	ver-babern	beschmutzen	kein_Trinken	Other	other
PS03957	Schmitz	Schultadel in Form eines Striches wegen Unterrichtsversäumnis	kein_Trinken	Other	other
PA02875	Aspirin	Aspirin	kein_Trinken	Other	other
PH03259	Herren-fastnacht	der Sonntag vor dem Aschermittwoch (als Beginn der Fastenzeit)	kein_Trinken	Other	other
PD03115	Dorn, Dornen	von einem, den man nicht leiden kann	kein_Trinken	Other	other
PW03838	Würzel-born	Flurname, Quelle, aus der angeblich die kleinen Kinder kommen	kein_Trinken	Other	other
PK02601	kleiden	einen kleiden	kein_Trinken	Other	other
PA01812	an-fahren	grob anreden	kein_Trinken	Other	other
PB02758	Pfeifen-gesteck	Pfeifenrohr	kein_Trinken	Other	other
PK01061	Katheder	Kopf	kein_Trinken	Other	other
PE00174	eggen-dumm	sehr dumm	kein_Trinken	Other	other
PB07480	Purralässen	ein Klickerspiel um Knöpfe aus KU-Kaulb	kein_Trinken	Other	other
PH02228	Heidesin	böses Weib	kein_Trinken	Other	other
PH01812	Haus-kreuz	Unglück im Haus	kein_Trinken	Other	other
PG02064	ge-reißen	reißen (von Rissen auf der Haut, die durch Kälte entstehen)	kein_Trinken	Other	other
PS03203	schlempen	die Türklinke betätigen	kein_Trinken	Other	other
PF01479	ver-hachern	lange kichernd lachen	kein_Trinken	Other	other
PZ00619	ziehen	aufziehen, großziehen (von Pflanzen, Vieh)	kein_Trinken	Other	other
PH02841	heraus-pfetzen	den Schneider mit Pfetzen vertreiben, d.h. sich im neuen Kleid zeigen	kein_Trinken	Other	other
PF05002	Franzosen-berg	Flurname	kein_Trinken	Other	other
PF02191	Ver-schiß	Verruf	kein_Trinken	Other	other
PS07671	sinken	in moralischer Hinsicht sinken	kein_Trinken	Other	other
PG01562	Gelb-rübe	lange Nase	kein_Trinken	Other	other
PM00815	Marmor	Marmor	kein_Trinken	Other	other
PK03206	Kniebes	im Wachstum zurückgebliebener Mensch, Knirps	kein_Trinken	Other	other
PE01892	Erker	Nase	kein_Trinken	Other	other
PJ00431	juckeln	kitzeln	kein_Trinken	Other	other
PH03882	herum-vagieren	umherschweifen	kein_Trinken	Other	other
PW02203	Werktags-arbeit	Werktagsarbeit	kein_Trinken	Other	other
PS06659	Schwollen-kopf	Necknameame für die Bewohner von SP-Berghs	kein_Trinken	Other	other
PF02163	ver-scharmetzeln	zerschinden, verkratzen	kein_Trinken	Other	other
PH03521	herum-fuseln	tastend suchen	kein_Trinken	Other	other
PF04424	Vorder-säule	Verbindungsstück zwischen Pflugsgrindel und -haupt	kein_Trinken	Other	other
PE00571	ein-führen	(den Neuling) in offizieller Form vorstellen	kein_Trinken	Other	other
PH03497	herum-fahren	umherfliegen	kein_Trinken	Other	other
PF05535	Fuchs-baum	Flurname	kein_Trinken	Other	other
PF01907	ver-möbeln	verhauen	kein_Trinken	Other	other
PK04053	Kopf-schale	Kopfschuppe	kein_Trinken	Other	other
PH05747	hoch-notig	dringend notwendig	kein_Trinken	Other	other
PW00962	Wasser-fall	Stelle, an der das Wasser herabstürzt	kein_Trinken	Other	other
PL02092	Locken	Bündel, Traglast	kein_Trinken	Other	other
PS11412	Strabeler	Necknameame für Mitglieder einer evangelikalen Sekte	kein_Trinken	Other	other
PA03175	auf-leben	durch Kränkung aufreiben	kein_Trinken	Other	other
PH00135	habig	habgierig	kein_Trinken	Other	other
PH01792	Haus-herr	wer Wohnungen in seinem Haus vermietet	kein_Trinken	Other	other
PH01837	Haus-platz	Bauplatz	kein_Trinken	Other	other
PS06175	Schwärmerei	schwärmerische Begeisterung	kein_Trinken	Other	other
PB00416	balgen	sich raufen	kein_Trinken	Other	other
PG02264	Gesang-stunde	Gesangstunde	kein_Trinken	Other	other
PS00783	Sau-blatt	Wegerich (Plantago maior)	kein_Trinken	Other	other
PW01896	Weiß-haar	Neckname	kein_Trinken	Other	other
PA03996	Aus-schnaffler, -schnafflerin	Aushorcher, -horcherin	kein_Trinken	Other	other
PG03891	Gras	Grasschnitt	kein_Trinken	Other	other
PB04081	Blatt	Pflanzenblatt	kein_Trinken	Other	other
PS03373	Schlittel	Eisbahn, auf der Kinder zum Vergnügen hingleiten	kein_Trinken	Other	other
PS09709	Städter-kind	Kind aus der Stadt im Gegensatz zum Dorfkind	kein_Trinken	Other	other
PF01025	Fenster-angel	Haken, in die der Fensterflügel eingehängt wird	kein_Trinken	Other	other
PS03486	Schlot-barone	Bez. für die Deutsche Volkspartei	kein_Trinken	Other	other
PK01305	Kautsch (Couch)	Liegesofa	kein_Trinken	Other	other
PG02724	Ge-weed	Flurname	kein_Trinken	Other	other
PH04892	hinein-regnen	ununterbrochen regnen	kein_Trinken	Other	other
PB03684	Birken-wald	Birkenwald	kein_Trinken	Other	other
PE01319	Elias	volkstümliche Bez. für die Schmalspurbahnzwischen NW-Meckh und Lu'haf	kein_Trinken	Other	other
PA01770	ane-machen	irgendwo hingehen, -reisen	kein_Trinken	Other	other
PE00006	ebbe	Mangel haben, kein Geld mehr haben	kein_Trinken	Other	other
PF02253	ver-schneiden	kastrieren	kein_Trinken	Other	other
PA03760	aus-hülchen, -(ge)hüllichen	aushöhlen	kein_Trinken	Other	other
PR02543	rück-fällig	rückfällig	kein_Trinken	Other	other
PD03044	Dorf-meister	Bürgermeister des Dorfes	kein_Trinken	Other	other
PA00895	ab-wischen	durch Wischen reinigen	kein_Trinken	Other	other
PS07869	Sommer-gast	Sommergast	kein_Trinken	Other	other
PE00666	ein-kochen	infolge Verdampfung beim Kochen weniger werden	kein_Trinken	Other	other
PH04938	hinein-stechen	hineinstechen	kein_Trinken	Other	other
PK01601	Kessel	Mulde im Gelände, abgeschlossenes Waldtal	kein_Trinken	Other	other
PO00322	Ochsen-zunge	Acker-Ochsenzunge (Lycopsis arvensis)	kein_Trinken	Other	other
PH04730	hinaus-leiern	auf einen späteren Zeitpunkt verschieben	kein_Trinken	Other	other
PA02122	an-plotzen	durch Fallen, Schlagen ein wenig beschädigen (bes. Obst)	kein_Trinken	Other	other
PR02373	Rott-stück	Flurname	kein_Trinken	Other	other
PS04357	Schnaufer	Atemzug, vor allem der letzte Atemzug vor dem Tod	kein_Trinken	Other	other
PS09631	Stabaus-stock	der von Kindern am Sommertagsumzug getragene, geschmückte Stab	kein_Trinken	Other	other
PS01766	Schar-hebel	Vorrichtung am Grubber	kein_Trinken	Other	other
PH06052	höhnisch	höhnisch	kein_Trinken	Other	other
PU00863	Unter	Bauer im Kartenspiel Schafkopf	kein_Trinken	Other	other
PS04211	Schnäpper	vorlautes Mädchen	kein_Trinken	Other	other
PS06126	Schwanz-griebe	der obere, dicke Teil des Schwanzes, die Schwanzwurzel	kein_Trinken	Other	other
PH00474	hain-buchen, -büchen	urwüchsig, ungeschlacht, grob (vom Menschen)	kein_Trinken	Other	other
PK00975	Kasten	Kasten des Kippkarrens zur Aufnahme der Ladung	kein_Trinken	Other	other
PK00549	kapores, kapore	tot	kein_Trinken	Other	other
PR02427	Rotz-pritsche	Nase mit triefendem Schleim, auch der Ausfluß selbst	kein_Trinken	Other	other
PZ00488	Zerr-himmel	ehemaliger Flurname	kein_Trinken	Other	other
PM02181	Mist-haufen	Flecken, Pickel, Ausschlag im Gesicht	kein_Trinken	Other	other
PD03493	Trag-schelle	Ring am Geschirr der Zugtiere, durch den der Strang oder die Lanne geht	kein_Trinken	Other	other
PF05587	Fuchteler	wer oft schimpft	kein_Trinken	Other	other
PS03392	Schlittschuh-arm	Spannbacken zum Anschrauben des Schlittschuhs am Schuh	kein_Trinken	Other	other
PS05533	Schuh	die Klaue des Schafs	kein_Trinken	Other	other
PH05474	hinunter-wuppen	hinunterwerfen	kein_Trinken	Other	other
PB07157	Pulle, Pülle	junges Huhn, vor der Legereife	kein_Trinken	Other	other
PZ01811	zu-zwinkern	durch Augenblinzeln ein Zeichen geben	kein_Trinken	Other	other
PF00779	fehl-gehen	mißlingen	kein_Trinken	Other	other
PS04607	Schneppe	Kante eines Stuhlsitzes, Ende einer Sitzbank	kein_Trinken	Other	other
PN01393	Nudel	(Verb) geizige Nudel = geizige Frau (Schimpfw)	kein_Trinken	Other	other
PS08416	Spatzen-narr	Vogelscheuche	kein_Trinken	Other	other
PK01294	Kaute	Grube für das Hußsauspiel	kein_Trinken	Other	other
PH02281	Heilig-kreuz	in Flüchen	kein_Trinken	Other	other
PG02296	Ge-scheitigkeit	Gescheitheit	kein_Trinken	Other	other
PR02844	Rüpel, Rupel	ein von den Burschen aufgeführter Tanz	kein_Trinken	Other	other
PM01426	Mehl-stube	Vorratsraum für Mehl im Bauernhaus	kein_Trinken	Other	other
PF02311	ver-schwinden	entwenden	kein_Trinken	Other	other
PM00091	Madd(e)rich	Eisenleiste entlang der Futterkrippezum Anbinden des Viehes	kein_Trinken	Other	other
PH01155	Hanne-wackel	Pantoffelheld	kein_Trinken	Other	other
PW03514	Wonne-berg	Flurname (Bergname)	kein_Trinken	Other	other
PN00520	nängern, nangern	weinerlich bitten, nörgeln; wehleidig tun	kein_Trinken	Other	other
PF00863	Feld	nur Ackerland	kein_Trinken	Other	other
PW03915	Wustheit	Rüpelhaftigkeit, Unfreundlichkeit, Unverschämtheit	kein_Trinken	Other	other
PB07113	Bügeleisen-stahl	Nase	kein_Trinken	Other	other
PF04644	Vor-sänger	guter Sänger, der den Chor stimmlich führt	kein_Trinken	Other	other
PB05426	Bottrasch	ein Spiel, ähnlich dem Hussauspiel	kein_Trinken	Other	other
PA02186	an-schicken	sich zu etwas fertig machen	kein_Trinken	Other	other
PK03149	Kneip	das schwach sichelartig gebogene Messer zum Hauen	kein_Trinken	Other	other
PM00177	Magnet	Magnet	kein_Trinken	Other	other
PM00373	Mako-strumpf	Strumpf aus Mako, einem Gewebe aus der gleichnamigen Baumwollsorte	kein_Trinken	Other	other
PJ00104	Jakobine	weiblicher Vorname	kein_Trinken	Other	other
PG00613	Gätsel	beim Jäten ausgerufpftes Unkraut	kein_Trinken	Other	other
PK05270	Krülle	Hahnenkamm	kein_Trinken	Other	other
PN00932	Nest-hocker	Langschläfer	kein_Trinken	Other	other
PD02305	Tiefen-graben	Flurname	kein_Trinken	Other	other
PB06208	pritschen	sich putzen, flott kleiden	kein_Trinken	Other	other
PH01240	Harfe	Harfe	kein_Trinken	Other	other
PG03172	glasig	starr (bes. von den Augen des Betrunkenen)	kein_Trinken	Other	other
PN01423	Nundidjee	lebhaftes, unartiges Kind	kein_Trinken	Other	other
PS06748	Sechsprenkel-haft	Ring, Halterung, in der das Sech mit Holzkeil festgeklemmt wird	kein_Trinken	Other	other
PH06165	Holper, Hulper(er)	Unebenheit im Boden	kein_Trinken	Other	other
PA02387	an-treten	durch Treten festdrücken	kein_Trinken	Other	other
PF00802	Feier-tag	Weihnachtsfest	kein_Trinken	Other	other
PK00541	kapitel-fest	(vom Menschen) gesund	kein_Trinken	Other	other
PS11732	Streit-sack	streitsüchtiger Mensch	kein_Trinken	Other	other
PH00856	Han-apfel	Frucht vom Weißdorn	kein_Trinken	Other	other
PR01320	Reiste	zusammengedrehtes Bund gehechelten Flachsesgrobes Tuch	kein_Trinken	Other	other
PF00748	Feder-tute	Kästchen für das Schreibzeug des Schülers	kein_Trinken	Other	other
PS10295	Steier	eine weißbauchige Schwalbe	kein_Trinken	Other	other
PB00786	Papp-michel	schmutziger Mensch	kein_Trinken	Other	other
PA02377	Antoinette	weibl. Vorname	kein_Trinken	Other	other
PM01494	Meisen-nuß	Nuß mit dünnen Stellen in der Schale, die von Meisen aufgepickt werden kann	kein_Trinken	Other	other
PB02510	Betzen-loch	Nische in der inneren Kellerwand, in der man etwas aufbewahrt	kein_Trinken	Other	other
PZ00564	zickelig	närrisch, verrückt, sonderbar	kein_Trinken	Other	other
PS05310	Schreib-lehrer	Lehrer, der Schreibunterricht erteilt	kein_Trinken	Other	other
PS02634	schlachten	Geschwister am Heiraten hindern, um das Erbe zusammenzuhalten	kein_Trinken	Other	other
PK03111	knausern	geizen	kein_Trinken	Other	other
PR01480	Rettich	kleiner Mensch	kein_Trinken	Other	other
PL01126	legen	ausbreiten, bereitstellen	kein_Trinken	Other	other
PG03307	Glinde	Gleitbahn auf dem Eis	kein_Trinken	Other	other
PS08214	Spanier-äcker	Flurname	kein_Trinken	Other	other
PG02721	Ge-weber(s)	leichtfertiges, unüberlegtes Gerede	kein_Trinken	Other	other
PB05510	Brache	das Brachliegen	kein_Trinken	Other	other
PE02352	Ewigkeit	sehr lange Zeit, unerträglich lange Zeit	kein_Trinken	Other	other
PK00339	kalt-schnauzig	rücksichtslos, egoistisch	kein_Trinken	Other	other
PS08852	spielig	zum Geschlechtsverkehr geneigt	kein_Trinken	Other	other
PG03899	Gras-bollen	Rasenstück zum Auffüllen nasser Stellen der Wiese	kein_Trinken	Other	other
PM00907	Mase	Wundmal, Fleck, Narbe	kein_Trinken	Other	other
PA00746	ab-spulen	abspulen	kein_Trinken	Other	other
PE02380	Expeller	schmerzstillende Flüssigkeit	kein_Trinken	Trinken	Trinken
PH01047	Hanf	die Pflanze Cannabis sativa	kein_Trinken	Other	other
PR01298	Reiß-haken	lange Stange mit Schneide zum Astabschneiden von Waldbäumen	kein_Trinken	Other	other
PO00129	Obern-dorf	Ort im . RO	kein_Trinken	Other	other
PG01417	geistes-abwesend	verrückt	kein_Trinken	Other	other
PN00333	Nacht-wandler	Schlafwandler	kein_Trinken	Other	other
PH01494	Hasen-lager	Erdvertiefung, in der der Feldhase schläft	kein_Trinken	Other	other
PN00494	Namen	Rechtstitel	kein_Trinken	Other	other
PS12022	strunken	Äste, Baumstämme kürzen, abhauen	kein_Trinken	Other	other
PL02064	Loch	Schadstelle, Lücke	kein_Trinken	Other	other
PW00510	wälgerisch	zusammengeknautscht, wellig	kein_Trinken	Other	other
PW00734	Wanzen-orchis	Knabenkraut	kein_Trinken	Other	other
PB02399	Bettel-krämer	kleiner Kaufmann	kein_Trinken	Other	other
PS10168	Stech-blume	eine nicht näher beschriebene Pflanze	kein_Trinken	Other	other
PD04404	Driller-loch	tiefe Stelle im Bach, über der das Wasser drehende Bewegungen zeigt	kein_Trinken	Other	other
PA03476	Augbrau-deckel	Augendeckel	kein_Trinken	Other	other
PH05241	hinter-lassen	hinterlassen	kein_Trinken	Other	other
PF00219	fällig	fällig	kein_Trinken	Other	other
PD02320	Diel, Diele, Dielen	Einzelbrett als Belag des Fußbodens	kein_Trinken	Other	other
PS01384	Schaff-bucksen	Anzug, den man bei gewerblicher Arbeit trägt	kein_Trinken	Other	other
PW01630	Weihnachts-krippe	figürliche Darstellung des Weihnachtsgeschehens	kein_Trinken	Other	other
PS02509	Schinder	altes, mageres, abgetriebenes Pferd	kein_Trinken	Other	other
PB00564	Bandel	unreinlicher Mensch	kein_Trinken	Other	other
PS08436	Spauchets	Speichel	kein_Trinken	Other	other
PH00119	Haber-geiß	überaus große weibliche Person; Mädchen mit langen Beinen;	kein_Trinken	Other	other
PS09101	Spitzen-hübel	Flurname	kein_Trinken	Other	other
PK04001	köpfen	den blühenden Gipfeltrieb beim Tabak entfernen	kein_Trinken	Other	other
PS11053	stöbern	verscheuchen, fortjagen	kein_Trinken	Other	other
PW02042	welschen	undeutlich, unverständlich sprechen	kein_Trinken	Other	other
PB01511	Beck	Bäcker	kein_Trinken	Other	other
PA00563	ab-rüffeln	derb ausschelten	kein_Trinken	Other	other
PG02471	Ge-sicht	Aussehen	kein_Trinken	Other	other
PK05940	kuranzen	peinigen, plagen	kein_Trinken	Other	other
PB00930	Barro	Gericht	kein_Trinken	Other	other
PH04468	Himmel-bett	Kinderbett mit Gardinen	kein_Trinken	Other	other
PI00220	Institut	Bildungsanstalt	kein_Trinken	Other	other
PF00097	Fahl-schecke	fahlscheckige Kuh	kein_Trinken	Other	other
PH02906	heraus-steigen	heraussteigen	kein_Trinken	Other	other
PS03981	Schmoll-kopf	dicker Kopf	kein_Trinken	Other	other
PU01162	Urin	Urin	kein_Trinken	Other	other
PD05200	Tüpfchens-kor	Gesindel	kein_Trinken	Other	other
PF04366	Vor-bühne	Kirchenempore	kein_Trinken	Other	other
PS10073	Staß-weiler	Flurname und Name einer Wüstung bei KU-Altkch	kein_Trinken	Other	other
PW00572	wälzen	etwas vor sich her rollen	kein_Trinken	Other	other
PZ02126	Zwitter	zweigeschlechtiges oder geschlechtlich unentwickeltes Lebewesen	kein_Trinken	Other	other
PB01348	Baum	Teil des Schubkarrens	kein_Trinken	Other	other
PN01193	Niesel-priem	alberner, mürrischer Mensch	kein_Trinken	Other	other
PG03411	glücklich	beglückt, voll Freude	kein_Trinken	Other	other
PE02359	Examen-weck	Weck, den der Schüler nach der Schlußprüfung erhielt	kein_Trinken	Other	other
PS06499	Schwenken-horst	Flurname	kein_Trinken	Other	other
PZ00266	Zaupe	Hündin	kein_Trinken	Other	other
PD02508	tippen	vom Tippen im Toto	kein_Trinken	Other	other
PK05946	Kuratel	Pflegschaft, Vormundschaft	kein_Trinken	Other	other
PF05206	freuen	erfreuen	kein_Trinken	Other	other
PS00293	sälen	aus Weidenholz	kein_Trinken	Other	other
PE01486	Engels-brünnchen	Flurname	kein_Trinken	Other	other
PD01293	taub-stumm	taubstumm	kein_Trinken	Other	other
PB01814	be-kohlen	betrügen	kein_Trinken	Other	other
PH04349	Hexen-fett	Mittel in der Volksmedizin	kein_Trinken	Other	other
PE02349	ewig	die ewige Messe	kein_Trinken	Other	other
PF01469	ver-größern	vergrößern	kein_Trinken	Other	other
PE00995	ein-verstanden	einverstanden	kein_Trinken	Other	other
PE01195	Eis-stück	Eisstück (von unterschiedlicher Größe)	kein_Trinken	Other	other
PD03075	Dorf-spieß	Spieß des Dorfwächters	kein_Trinken	Other	other
PS05533	Schuh	das Hufeisen	kein_Trinken	Other	other
PD00766	Tapen-schlenkerer	wer mit den Händen heftig hin und her schlenkert	kein_Trinken	Other	other
PW01005	Wasser-jungfer	Libelle	kein_Trinken	Other	other
PD00310	Dagobert	Frankenkönig aus dem Geschlecht der Merowinger	kein_Trinken	Other	other
PH02832	heraus-machen	ins Freie gehen (vom Menschen)	kein_Trinken	Other	other
PO00307	Ochsen-stern	Umdeutung des Namens des schwedischen Feldherrn Oxenstierna in dem	kein_Trinken	Other	other
PG02696	ge-waltig	mit Machtbefugnis ausgestattet	kein_Trinken	Other	other
PD03553	Tram	Längsbalken im Dachstuhl	kein_Trinken	Other	other
PS01636	Scham, Schämde	Schamgefühl	kein_Trinken	Other	other
PB03711	Birne	andere Früchte in Zusammensetzungen	kein_Trinken	Other	other
PH02845	heraus-platschen	unüberlegt aussprechen	kein_Trinken	Other	other
PG00638	Gaub-loch	Lichtloch im Dachgiebel	kein_Trinken	Other	other
PK03329	Knopf	englisches Pfund	kein_Trinken	Other	other
PS08859	Spiel-mann	das dritte Kind, wenn die älterenBube und Mädchen waren	kein_Trinken	Other	other
PB05083	Bonem, Ponem	Aussehen	kein_Trinken	Other	other
PM01984	Militär-soldat	Soldat	kein_Trinken	Other	other
PK03371	Knorkser	ungeschickter Mensch	kein_Trinken	Other	other
PS01104	Sau-pech	großes Mißgeschick, Unglück	kein_Trinken	Other	other
PH06694	Hosen-rappler	wer in die Hosen pißt	kein_Trinken	Other	other
PW00834	Wäsche	Bezeichnung für ein Kaiserslauterer Schwimmbad	kein_Trinken	Other	other
PF03095	vier-jährig	vierjährig	kein_Trinken	Other	other
PL00405	längden	der Länge nach abmessen	kein_Trinken	Other	other
PS05036	Schon-zeit	gesetzlich bestimmte Zeit, in der Wild nicht gejagt werden darf	kein_Trinken	Other	other
PL00888	laustern	beim Kartenspiel zusehen	kein_Trinken	Other	other
PG03902	grasen	Unkraut jäten	kein_Trinken	Other	other
PB04628	blutt	ohne schützende Decke	kein_Trinken	Other	other
PH07257	Hunds-steuer	Hundesteuer	kein_Trinken	Other	other
PW01582	Wei-fuß	Beifuß (Artemisia vulgaris)	kein_Trinken	Other	other
PS08809	Spiegel	Fläche mit Reflexionsschicht, in der man sich betrachten kann	kein_Trinken	Other	other
PS11701	Streif-wolken	Zirruswolke	kein_Trinken	Other	other
PB01039	basten	dulfen, brechen	kein_Trinken	Other	other
PW01914	Weiß-kuchen	Hefekuchen	kein_Trinken	Other	other
PD02747	Dol, Dole	mit Steingeröll gefüllter Abzugsgraben	kein_Trinken	Other	other
PB07809	Butter-wurzel	Leinkraut (Linaria vulgaris)	kein_Trinken	Other	other
PS01983	Scheiden-katarrh	eine Krankheit des Geschlechtsorgans der Kuh	kein_Trinken	Other	other
PA01474	altern	alt werden	kein_Trinken	Other	other
PS03788	Schmeichlerei	übertriebene Komplimente, oft nicht ganz aufrichtig	kein_Trinken	Other	other
PS04837	Schnuller	Necknameame für ein Kaiserslauterer Stadtoriginal	kein_Trinken	Other	other
PS06156	Schwappel-licht	Öllicht	kein_Trinken	Other	other
PB00693	Panz-stich	Stich, der bei Blähsucht des Rindes vorgenommen wird	kein_Trinken	Other	other
PS04470	Schnee-könig	fiktive Gestalt	kein_Trinken	Other	other
PO00638	Onkel	älterer entfernterer männlicher Verwandter	kein_Trinken	Other	other
PH00851	Hamster-tasche	Schimpfwort auf den Geizhals	kein_Trinken	Other	other
PW01278	wegeln	etwas mit Anstrengung bugsieren	kein_Trinken	Other	other
PD03653	trappen	schwer und laut auftreten	kein_Trinken	Other	other
PM00789	Markt-meister	Aufseher über das Marktwesen einer Stadt	kein_Trinken	Other	other
PK02892	Klotz	Johannisbeertraube	kein_Trinken	Other	other
PB07595	Buß	Kuß	kein_Trinken	Other	other
PD00387	daher-taumeln	taumelnd gehen	kein_Trinken	Other	other
PS09656	Stachel	Ährengranne (bes. von der Gerste)	kein_Trinken	Other	other
PG03318	glitschen	gleiten, ausgleiten	kein_Trinken	Other	other
PE00031	Eber-barg	verschnittenes männliches Schwein	kein_Trinken	Other	other
PM02919	Mosel	Flurname (Fluß zum Rhein)	kein_Trinken	Other	other
PH07127	Hunds-buckel	Flurname	kein_Trinken	Other	other
PM00746	Mark	Gewichtseinheit für Edelmetall	kein_Trinken	Other	other
PE01734	Erbsen-klicker	Frucht der Erbse	kein_Trinken	Other	other
PW03912	Wüst-gesicht	häßliches Gesicht	kein_Trinken	Other	other
PE02414	Eze	Hinweis, Anregung	kein_Trinken	Other	other
PA00292	ab-handeln	unter viel Handeln, Feilschen etwas abkaufen	kein_Trinken	Other	other
PZ00944	Zolches	Herumstreicher, Vagabund	kein_Trinken	Other	other
PK01043	Katechismus	Religionsbuch in Fragen und Antworten	kein_Trinken	Other	other
PS10303	steif-holzig	aufsässig, stur	kein_Trinken	Other	other
PW02804	Winde	Gerät zum Heben schwerer Lasten	kein_Trinken	Other	other
PR01122	Reib-maschine	Küchengerät zum Zerkleinern (von Brot, Kartoffeln u.a)	kein_Trinken	Other	other
PK03599	Kochlöffel-schisser	Junge, der am Pfingstmorgen verschläft	kein_Trinken	Other	other
PA00769	ab-stellen	ein Gehwerk zum Stehen bringen	kein_Trinken	Other	other
PB01062	Pate	Onkel	kein_Trinken	Other	other
PK00669	karcheln, kärcheln	im Spazierwagen ausfahren	kein_Trinken	Other	other
PA00411	ab-lassen	sich von einem, von etwas trennen	kein_Trinken	Other	other
PW02366	wetzeln	necken	kein_Trinken	Other	other
PG01562	Gelb-rübe	Neckname	kein_Trinken	Other	other
PK05248	Krubbel-kopf	Mensch mit krausem Haar	kein_Trinken	Other	other
PD01563	Deck-stein	Stein über der Unruh in Uhren	kein_Trinken	Other	other
PB02665	Pfarrer	Anführer des Kerwezuges	kein_Trinken	Other	other
PE01708	erblich	ansteckend	kein_Trinken	Other	other
PM02923	Moses-kalb	dummer Mensch	kein_Trinken	Other	other
PZ01143	Zucker-schnute	Necknameame für die Bewohner von Frankth	kein_Trinken	Other	other
PS11088	stock-fremd	unbekannt	kein_Trinken	Other	other
PG00031	gabisch	ungeschickt, linkisch	kein_Trinken	Other	other
PU00427	Um-kehr	das Umkehren, Zurückkehren	kein_Trinken	Other	other
PF00126	fahren	das Vieh auf die Weide treiben	kein_Trinken	Other	other
PD02280	Dieb-haus	Gefängnis für Diebe	kein_Trinken	Other	other
PG02294	ge-scheit	recht, ordentlich	kein_Trinken	Other	other
PS03689	Schmal-geiß	magere, unfruchtbare Ziege	kein_Trinken	Other	other
PS02102	Schemise	Aktenumschlag	kein_Trinken	Other	other
PG03924	Gras-korb	Korb mit zwei Henkeln für Gras, Holz, Obst, Kartoffeln	kein_Trinken	Other	other
PZ00782	Zinken	ein spitzes Waldstück	kein_Trinken	Other	other
PU01032	unter-stützen	mit Worten oder Sachmitteln fördern, beistehen	kein_Trinken	Other	other
PF04639	vor-rupfen	Unangenehmes in Erinnerung bringen	kein_Trinken	Other	other
PB07135	Bühl-klamm	Flurname	kein_Trinken	Other	other
PD04559	Drohnen-zelle	Zelle, in der eine Drohne ausgebrütet wird	kein_Trinken	Other	other
PS11450	Strähl	Stechapfel (Datura stramonium)	kein_Trinken	Other	other
PR01945	Rochus	Neckname	kein_Trinken	Other	other
PS04496	Schnee-wasser	gleichzeitiger Niederschlag von Regen und Schnee	kein_Trinken	Other	other
PF04967	Franken-schnauzer	Oberlippenbart mit herabhängenden Spitzen	kein_Trinken	Other	other
PS01143	Sau-rüssel	Schimpfwort	kein_Trinken	Other	other
PE02089	Erz-ader	Erzader	kein_Trinken	Other	other
PF01165	ver-binden	beim Binden verbrauchen	kein_Trinken	Other	other
PS02563	Schinken-plätscher	Lehrer	kein_Trinken	Other	other
PF05292	froh	erfreut (über etwas)	kein_Trinken	Other	other
PF01585	ver-interessieren	interessieren	kein_Trinken	Other	other
PI00036	Iggel-heim	Ort im . LU	kein_Trinken	Other	other
PF03950	Floher	Mann, der sich ungebührlich benimmt	kein_Trinken	Other	other
PK02914	klug	aus etwas klug werden, verstehen	kein_Trinken	Other	other
PF04927	Fotze	weibl. Geschlechtsteil bei der Kuh	kein_Trinken	Other	other
PS06999	Seih-becken	durchlöchertes Gefäß, Sieb zum Filtrieren von Flüssigkeiten	kein_Trinken	Other	other
PD02038	Teufels-nase	Hirtentäschelkraut (Capsella bursa-pastoris)	kein_Trinken	Other	other
PR00041	Rachel	enge Felsspalte	kein_Trinken	Other	other
PZ01346	Zunge	Lederlasche im Schnürschuh	kein_Trinken	Other	other
PS10434	Stein-kar	mit Steinen gefüllte Bodensenke	kein_Trinken	Other	other
PR02249	Roß-quecke	die häufige Unkrautpflanze Agriopyrum repens	kein_Trinken	Other	other
PE02006	er-pressen	erpressen	kein_Trinken	Other	other
PG03440	Glüh-birne	rote Nase	kein_Trinken	Other	other
PH01267	Harren-risser	an einer Stange befestigter Haken zum Herabreißen dürrer Äste	kein_Trinken	Other	other
PD00999	Darein-, Darin-gabe	Zugabe	kein_Trinken	Other	other
PA01070	Ader	Adernartiges	kein_Trinken	Other	other
PA03271	Auf-ruhr	Aufregung, Menschenauflauf	kein_Trinken	Other	other
PS11316	Storren	eine kranke Frucht	kein_Trinken	Other	other
PH03424	herüber-gehen	hinübergehen	kein_Trinken	Other	other
PS02966	Schlapp-schnute	Mensch mit geschwätzigem, vorlautem, frechem Mundwerk; Großsprecher	kein_Trinken	Other	other
PS12634	Suppen-feld	Flurname	kein_Trinken	Other	other
PS11958	Stromer	herumstreunender, herrenloser Hund	kein_Trinken	Other	other
PR02881	Russe	ungebildeter, roher Mensch	kein_Trinken	Other	other
PL01476	Leim-schnitte	Leimscheibe (Handelsform des Leims)	kein_Trinken	Other	other
LK00637	kläsper	schmächtig, unansehnlich, zart gebaut; geschmeidig	kein_Trinken	Other	other
LB00012	bäbich	kleberig, schmierig	kein_Trinken	Other	other
LG00014	gägelich	geckig, kindisch, zum Lachen geneigt	kein_Trinken	Other	other
LI00116	irich	eigensinnig, dickköpfig, nicht aufgelegt zu etwas	kein_Trinken	Other	other
LA00196	alterdimlich, altertemlech	altertümlich	kein_Trinken	Other	other
LR00654	rumpeldich	runzelig, faltig, zerknittert	kein_Trinken	Other	other
LF00714	Ver-tattert, ver-daddert	schwatzhaft	kein_Trinken	Other	other
LK00588	kitterlich	schwächlich, kränklich, schwer aufzuziehen	kein_Trinken	Other	other
LK00379	kennich	kundig, bewandert	kein_Trinken	Other	other
LD01078	dumpsich	dumpf, dumpfig	kein_Trinken	Other	other
LK01109	kränkeldich	kränklich	kein_Trinken	Other	other
LF00841	viljone-forwech	violettfarbig	kein_Trinken	Other	other
LK00191	kär	wählerisch, empfindlich gegen schmutzige Arbeit u. unsaubere Speisen	kein_Trinken	Other	other
LS00142	Sattel	Sattel	kein_Trinken	Other	other
LK00619	Klä(n)-mihl	Kleinmühle, Ortsbezeichnung in der Gemeinde Rieding	kein_Trinken	Other	other
LF01207	Fransel	Franse	kein_Trinken	Other	other
LB01316	Bouf	Bube	kein_Trinken	Other	other
LD00891	Triwelieres	das Drängeln, die Quälerei	kein_Trinken	Other	other
LB00463	Peischten	Pfingsten	kein_Trinken	Other	other
LR00546	Ronsch	Schaukel, Schaukelstange, Schaukelbrett	kein_Trinken	Other	other
LF01000	Flatschen	flacher Haufen nassen Drecks, Kuhfladen	kein_Trinken	Other	other
LD01101	Tupi I	Kreisel	kein_Trinken	Other	other
LF00033	Fall II	Falle	kein_Trinken	Other	other
LK00640	Klatsch-ros	Klatschmohn, Klatschrose	kein_Trinken	Other	other
LW00504	Witing	Weite, Umfang, Entfernung	kein_Trinken	Other	other
LA00079	Ädde	Vater (fast nur von Juden u. für Juden gebräuchlich)	kein_Trinken	Other	other
LD00829	Treppling	Treppenstufe	kein_Trinken	Other	other
LS00861	Schmodler	einer, der schmodelt; unreinlicher Mensch	kein_Trinken	Other	other
LE00198	Enkel	Fußknöchel, Enkel	kein_Trinken	Other	other
LM00254	Mawe	Magen	kein_Trinken	Other	other
LN00340	Nunn	Nonne, Klosterfrau. Rda	kein_Trinken	Other	other
LR00683	Russ	Russe	kein_Trinken	Other	other
LS02261	Streck-isen	Bügeleisen	kein_Trinken	Other	other
LH00472	Henner	männl. Vorname Heinrich	kein_Trinken	Other	other
LK01239	Krippel	Krüppel	kein_Trinken	Other	other
LZ00177	Ziwel-kalenner	Zwiebelkalender. Zum Vorherbestimmen des Wetters für die 12 Monate des künftigen Jahres werden während der Weihnachtsnacht 12 Stücke einer Zwiebel mit Salz belegt; je nach der Feuchtigkeit od. Trockenheit derselben wird der betreffende Monat naß od. trocken sein.	kein_Trinken	Other	other
LM00432	Milings-spiel	Ziehen der Losnummer, Aushebung der Rekruten	kein_Trinken	Other	other
LS00079	Salopp	schmutzige Weibsperson	kein_Trinken	Other	other
LH00862	Huffen	Haufen	kein_Trinken	Other	other
LE00014	Edel-frau	adelige Dame	kein_Trinken	Other	other
LG00766	Gickes	Stolz, Hochmut	kein_Trinken	Other	other
LK00261	Kass-meier	Name des obersten Vogteibeamten, des Meiers der ganzen Vogtei. Seine Befugnisse werden folgendermaßen umgrenzt	kein_Trinken	Other	other
LK01511	Kwisel	scheinheilige Person, Betschwester .	kein_Trinken	Other	other
LB01432	Prester-duttler	Spitzname der Einwohner von Obergailbach	kein_Trinken	Other	other
LB00743	Bide	kleines Pferd	kein_Trinken	Other	other
LM00525	Mo	Magen	kein_Trinken	Other	other
LG00913	Gnatsch	Klatschbase	kein_Trinken	Other	other
LB01196	Polett	Achseltroddel, Epaulette	kein_Trinken	Other	other
LL00286	Leit I	Schicht	kein_Trinken	Other	other
LH00270	Hase-brot	frisches, aus neuem Korn gebackenes Brot, überh. Schwarzbrot	kein_Trinken	Other	other
LK01183	Krempel	Trödel, Kleinverkauf	kein_Trinken	Other	other
LH00758	Holz	Holz	kein_Trinken	Other	other
LR00237	Reff I	Wasserabfluß	kein_Trinken	Other	other
LG00742	Ge-wirzels	Wurzelverzweigung, Wurzelwerk	kein_Trinken	Other	other
LH00316	Hauscht	auf dem Felde zusammengestellter Haufe Getreide, Heu, Klee	kein_Trinken	Other	other
LW00123	Warzel	Warze. In der Saargegend entfernt man dieselben durch Umbinden eines Seidenfadens, der immer enger gezogen wird u. so lange bleibt, bis die Warzen absterben	kein_Trinken	Other	other
LB00610	Bes	Kuß	kein_Trinken	Other	other
LK00097	Kamelot	schlechte Ware	kein_Trinken	Other	other
LZ00093	Zeremonie	kirchliche Aufführungen	kein_Trinken	Other	other
LO00079	Ohr-kapp	Ohrenkappe der Pferde	kein_Trinken	Other	other
LK00629	Kläpper II	altes Pferd	kein_Trinken	Other	other
LS00518	Schind-mähr	Schindmähre; alter, elender Gaul	kein_Trinken	Other	other
LM00401	Mih	Mühe	kein_Trinken	Other	other
LD00935	Dropp	Trupp, Schar, Anzahl, Haufe von Menschen od. Tieren	kein_Trinken	Other	other
LS01104	Schoning	Schonung	kein_Trinken	Other	other
LL00307	Lenkert	Langbalken am Wagen	kein_Trinken	Other	other
LS01178	Schriner	Schreiner	kein_Trinken	Other	other
LH00056	Häkel	Häkelnadel	kein_Trinken	Other	other
LD00892	Driwen	das Jenseits	kein_Trinken	Other	other
LS01994	Stefter	Stifter	kein_Trinken	Other	other
LD01189	Tutu	Hund in der Kindersprache	kein_Trinken	Other	other
LS00617	Schlamp I	Schmaus, Festmahl, bes. Leichen- und Kindtaufschmaus	kein_Trinken	Other	other
LB00947	Plank	Planke	kein_Trinken	Other	other
LS00572	Schit	Scheit Holz	kein_Trinken	Other	other
LL00138	Läpp II	Schlamm	kein_Trinken	Other	other
LA00260	Angel	Stachel, bes. der Biene	kein_Trinken	Other	other
LB01318	Boustof	Buchstabe	kein_Trinken	Other	other
LS00397	Scheiss-mek	Schmeißfliege, gemeine Schlammfliege	kein_Trinken	Other	other
LR00483	Rissius	(scherzh.) einer, der viel Kleider zerreißt	kein_Trinken	Other	other
LR00588	Rot-hus	Rathaus	kein_Trinken	Other	other
LK00306	Kauze-kopp	Kaulquappe	kein_Trinken	Other	other
LK01217	Krid	Kreide	kein_Trinken	Other	other
LB00421	Behennichkät	Behendigkeit	kein_Trinken	Other	other
LF00048	Famill	Familie, Verwandtschaft	kein_Trinken	Other	other
LN00236	Nips	unentwickeltes Kind, das nichts essen will	kein_Trinken	Other	other
LK01200	Kresch	Kleie	kein_Trinken	Other	other
LH00175	Hang	Hang, Abhang	kein_Trinken	Other	other
LF01282	Frosch	Frosch	kein_Trinken	Other	other
LK00646	Klauschder	Vorhängeschloß	kein_Trinken	Other	other
LD01124	Durch-zuck	Schw. Balken unter der Decke, der gewöhnlich heraustritt u. bloß übertüncht ist	kein_Trinken	Other	other
LK01148	Krebs	Krebs (auch als Krankheit)	kein_Trinken	Other	other
LI00185	iwer-hewen	zu schwer heben, so daß man sich einen Schaden zuzieht	kein_Trinken	Other	other
LF00537	ver-näjen	vernähen, zu Ende nähen	kein_Trinken	Other	other
LS00860	schmodeln	ungeschickt, schlecht kochen	kein_Trinken	Other	other
LB00633	be-schnaksen	vorwitzig besehen, untersuchen, die Nase hineinstecken	kein_Trinken	Other	other
LN00142	nennen	nennen	kein_Trinken	Other	other
LD01147	turren	zerren, stoßen	kein_Trinken	Other	other
LB01083	plompen	schwer hinfallen, plumpen	kein_Trinken	Other	other
LE00322	er-wannen	wiedergewinnen	kein_Trinken	Other	other
LD01077	dummlen, sich	sich eilen	kein_Trinken	Other	other
LN00045	nah-setzen	nachlaufen	kein_Trinken	Other	other
LF00427	ver-juwle	verjubeln	kein_Trinken	Other	other
LW00068	wall-fahren	eine Wallfahrt machen	kein_Trinken	Other	other
LR00273	reihen	reihen, in die Reihe stellen	kein_Trinken	Other	other
LK00169	kappeisen, sich	sich zanken, streiten, prügeln	kein_Trinken	Other	other
LW00177	watzen	rasch, in kleinen Schritten gehen	kein_Trinken	Other	other
LS01144	schrampen, schrompen, schrompelen	schrumpfen	kein_Trinken	Other	other
LH00249	härten	aushalten	kein_Trinken	Other	other
LU00188	us-butschen	entgleiten	kein_Trinken	Other	other
LS01436	selen I	sudeln, beschmutzen	kein_Trinken	Other	other
LK00131	kanen	schwätzen	kein_Trinken	Other	other
LS00209	schacheren	schachern, handeln	kein_Trinken	Other	other
LB00932	pla'en	plagen	kein_Trinken	Other	other
LU00186	us-blosen	ausblasen	kein_Trinken	Other	other
EZ00034	zubelen	zupfen, an den Haaren reissen	kein_Trinken	Other	other
EA01408	Äsche	Asche	kein_Trinken	Other	other
EW01200	Weisen, Weizen	Urinblase des Schweines; Kinder füllen dieselbe oft mit Luft, welche sie beim Ausströmen durch Zusammenpressen zum Knallen bringen	kein_Trinken	Other	other
EF01011	Fëttich, Fëgten	Flügel  eines Vogels, einer Gans, einer Windmühle, eines Spinnrads; Rockflügel, Rockschoss, verächtl. herabhängende Fetzen	kein_Trinken	Other	other
EK02340	Krett	Knochengerüst eines Geflügels, Korb	kein_Trinken	Other	other
ES03200	Schmirlen	Art Wasservögel	kein_Trinken	Other	other
ES01977	Schindel	dünne, aber breite Hölzer aus Tannenholz unter den Ziegeln	kein_Trinken	Other	other
ES05352	stipitzen	Glimpfw. für stehlen	kein_Trinken	Other	other
EL01400	Laster	Laster	kein_Trinken	Other	other
ET02351	Tscho	Kopf	kein_Trinken	Other	other
EF00794	First	Giebelbalken, Dachträger, Dachfirste	kein_Trinken	Other	other
ET00935	Dienst	Dienst, Gefallen	kein_Trinken	Other	other
ET01767	Drach, Drachen, Dracher	feuriges Ungeheuer. Das Volk glaubt noch heute an fürigi Drachen, die bei Nacht durch die Luft fliegen und wo sie einfahren, Schätze bringen	kein_Trinken	Other	other
EK00230	keief	an einem Unfug, einer Gaunerei beteiligt; schuldig	kein_Trinken	Other	other
EZ00664	zwacken	wegnehmen bes. im Spasse, ähnlich wie stipitzen, stratzen	kein_Trinken	Other	other
ET01393	dus	still, ruhig, friedlich, sittsam usw	kein_Trinken	Other	other
ES02732	Schluck(e), Schlück	Öffnung, Lücke eines Zaunes allg	kein_Trinken	Other	other
ES00849	Simoni	Mond	kein_Trinken	Other	other
EL01351	Lues, Los, Lus, Luenz	Scharre, vom Bäcker zum Sammeln der Asche od. Kohlen, vom Strassenwart zum Beseitigen des Strassenkotes gebraucht	kein_Trinken	Other	other
EL01356	Lastik	Gummi elasticum als Einsatz in Zugstiefeln	kein_Trinken	Other	other
EM00231	müed	müde	kein_Trinken	Other	other
EK02255	kropsen	unpers. ärgern	kein_Trinken	Other	other
EF00152	Fagotten	läppisches Zeug, Grimassen, wunderliche Gebärden und Bewegungen beim Sprechen	kein_Trinken	Other	other
ER00717	Rain	Rain, Bodenerhöhung, mit Gras bewachsener Abhang	kein_Trinken	Other	other
ET01461	tuschieren	berühren	kein_Trinken	Other	other
ET02433	Tschopp	Tölpel, dummer Mensch	kein_Trinken	Other	other
EK01306	Kathederle	Gefängnis, Zuchthaus	kein_Trinken	Other	other
EA01459	iteren, intrücken	wiederkäuen	kein_Trinken	Other	other
EG00786	ganz	ganz	kein_Trinken	Other	other
ES03306	schnuben	schnauben	kein_Trinken	Other	other
EK01483	Klee	Klee	kein_Trinken	Other	other
EZ00518	zirlen	tändeln	kein_Trinken	Other	other
EZ00628	Zutt	Schnauze eines Topfes	kein_Trinken	Other	other
EK01311	katholisch	katholisch	kein_Trinken	Other	other
EK00280	Kalen	Klöpfel der Glocke	kein_Trinken	Other	other
EW00419	wäjen	wehen	kein_Trinken	Other	other
EK01811	Knoden	Fussknöchel	kein_Trinken	Other	other
ES05247	Stand	Standpunkt	kein_Trinken	Other	other
EF00250	Fockol	abknöpfbarer, nicht fest an das Hemd aufgenähter Kragen	kein_Trinken	Other	other
EK01598	klei(n), kli(n)	klein	kein_Trinken	Other	other
EK00720	Kapp(e)	Mütze	kein_Trinken	Other	other
EZ00002	Zaü	zusammenhängendes Stück Feldarbeit, bes. beim Pflügen	kein_Trinken	Other	other
EA00514	Eller	Erle	kein_Trinken	Other	other
EA00733	Ampfer, Ampert	Ampfer	kein_Trinken	Other	other
ER00800	Rang II	Anlauf	kein_Trinken	Other	other
ES05690	Straf	Strafe	kein_Trinken	Other	other
ES00006	Saü, Soü, Söü, Süi	Schwein, Sau	kein_Trinken	Other	other
EG01936	grätzen	mit gespreizten Beinen ausschreiten	kein_Trinken	Other	other
ES00773	Salz	Salz	kein_Trinken	Other	other
EN00280	Nelli	Koseform des männl. Vornamens Cornelius	kein_Trinken	Other	other
EK01466	Kuz, Kutz, Kauz	kleine Eule	kein_Trinken	Other	other
EP02559	Butz II	Larve, verlarvtes Gesicht, Popanz	kein_Trinken	Other	other
EK02588	Krozer	eingeritztes Zeichen	kein_Trinken	Other	other
EL00106	Liber	Frank, Frankstück	kein_Trinken	Other	other
ES04637	stübelen	unpers. fein regnen	kein_Trinken	Other	other
EM00267	Magick	schielende Person, spottend od. scheltend	kein_Trinken	Other	other
EA01015	opponieren	refl. sich auflehnen, widersetzen	kein_Trinken	Other	other
EK01830	knächzig	kreischend	kein_Trinken	Other	other
EM01636	Moitz I	Anprall einer Schnellkugel gegen einen Gegenstand, beim Spiel	kein_Trinken	Other	other
EK02177	Krampf	Krampf; abnorme Empfindung, unerklärbarer Schmerz, bes. bei den Frauen	kein_Trinken	Other	other
EP03292	blond	blond	kein_Trinken	Other	other
ES00476	Sack	Sack für Getreide, Kartoffeln usw	kein_Trinken	Other	other
EM00830	mündig	mündig, volljährig	kein_Trinken	Other	other
EK01404	këtsch, këtschete	weich, zu weich gekocht (z. B. das Fleisch der Spanferkel oder der jungen Kälber)	kein_Trinken	Other	other
ER00969	Rëps I	Raps, die Kulturpflanze, Brassica napus	kein_Trinken	Other	other
EA01277	Assurans	Feuerversicherung (die älteren Leute sagen meist in d Brandkass tuen); Versicherungsgesellschaft	kein_Trinken	Other	other
EF00015	Veiol	Veilchen	kein_Trinken	Other	other
ES01689	Scheiker	Lüge	kein_Trinken	Other	other
EH00536	hohl	hohl, leer	kein_Trinken	Other	other
EP00648	bolen	werfen	kein_Trinken	Other	other
EA00877	Andülli, Andülie, Andüdel	geräucherte Fleischwurst	kein_Trinken	Other	other
ET00518	Teik	Teig zum Backen	kein_Trinken	Other	other
EK01540	klaffen III	nicht fest anpassen, abstehn	kein_Trinken	Other	other
ER01049	Räson	Anstand, Lebensart	kein_Trinken	Other	other
ET02122	Tran	Tran	kein_Trinken	Other	other
ES01847	schalten	schieben, vorwärts stossen allg	kein_Trinken	Other	other
EM00657	muemen	geifern, besonders von kleinen Kindern, beim Essen einen Teil der Speisen fallen lassen und damit die Kleider besudeln; auch von älteren Leuten und sogar vom Vieh gesagt	kein_Trinken	Other	other
EK00974	korrigieren	verbessern	kein_Trinken	Other	other
ET00581	Talu	Böschung der Strasse, des Berges	kein_Trinken	Other	other
EK01770	Knebel	kurzer Stock, Knüppel; dient bes. zum Zusammenbinden des Strohbundes	kein_Trinken	Other	other
EP00756	Balg	Balg, Fell	kein_Trinken	Other	other
EA00496	Allegaschi	töpelhafter Mensch, der sich ungeschickt trägt oder hält	kein_Trinken	Other	other
ES02553	Schlauder	Bahn	kein_Trinken	Other	other
EN00448	Nerfling	Fischart	kein_Trinken	Other	other
EP00413	päjen	bezahlen	kein_Trinken	Other	other
ER00669	Rampen	grosses Stück (Brot)	kein_Trinken	Other	other
ES02175	schuren II	scheuern	kein_Trinken	Other	other
EL01276	Lisabeth, Lisbeth	weibl. Vorname Elisabeth; Koseform	kein_Trinken	Other	other
EK01516	kluben	klauben, mit den Fingerspitzen an etwas herumzerren und zupfen, an einem Knopf oder Knochen, am Brode; in der Nase bohren	kein_Trinken	Other	other
EH01626	haschen	haschen. Kinderspiel, wobei ein Ausruheort, der Barren, bestimmt wird. Sind alle dort angelangt, so ruft das haschende Kind: Drei langi, langi Stangen! Wer nit glich vom Barren enwëg geht, der muess fangen	kein_Trinken	Other	other
EA01058	Arrëst	Arrest in der Schule	kein_Trinken	Other	other
EN00443	Narde	Behälter, in welchem auf dem Fischmarkt die Fische feil gehalten werden, flacher Fischzuber, Fischtrog, Fischmulde	kein_Trinken	Other	other
EM01299	Miser	Elend, Kummer	kein_Trinken	Other	other
ES03050	schmeidig	zart gebaut; von kränklichem Aussehn	kein_Trinken	Other	other
EM00790	Minut(e)	Minute	kein_Trinken	Other	other
ES03565	Schnurchel	runzeliges, schnurriges Weib	kein_Trinken	Other	other
ER00518	Ruckerst	beim Ballspiel der zwischen den vier Ecken belegene Raum	kein_Trinken	Other	other
EG00197	geffen	dürfen	kein_Trinken	Other	other
EP03852	brun	braun	kein_Trinken	Other	other
ET00979	Tapen, Topen	Pfote, Tatze, insbes. die Pfote der Katze	kein_Trinken	Other	other
EA00451	Aktion	Actie	kein_Trinken	Other	other
ES00890	sin, sein	sein	kein_Trinken	Other	other
EA00144	Ablässel	Medaille mit Heiligenbild	kein_Trinken	Other	other
EF01337	Flutt	Kloss aus Mehl, Kartoffeln	kein_Trinken	Other	other
EP01795	erbarmen	Meist nur in der halb hochd. Litanei - Formel	kein_Trinken	Other	other
ET02243	Trosel, Trossel	Troddel, Franse, Quaste, bes. am Frauenhalstuch	kein_Trinken	Other	other
EK01162	Kassematte	bombenfestes Gewölbe; Gefängnis	kein_Trinken	Other	other
EP01005	Bein	Bein	kein_Trinken	Other	other
ES01350	Schaub I	Bund Stroh, gutes langes Roggenstroh S., schön geordnetes Dachstroh	kein_Trinken	Other	other
EW01486	Wüwele	Läuse	kein_Trinken	Other	other
EK02545	krixen	knirschen mit den Zähnen oder vom Schnee; knarren (Thüre, Stuhl)	kein_Trinken	Other	other
EP01217	Bungst, Buns(t)	Bienenkorb aus Stroh	kein_Trinken	Other	other
ET01352	Turtel	Turteltaube	kein_Trinken	Other	other
ES03583	Schnërsche	Ortsn. Schnersheim bei Truchtersheim	kein_Trinken	Other	other
EF01232	Flum, Pflum	Flaum, Flaumfedern, junge weiche Härchen	kein_Trinken	Other	other
ES03814	schwadelen	zu viel sprechen	kein_Trinken	Other	other
EP02488	Potschamber	Nachtgeschirr	kein_Trinken	Other	other
ES01418	Schochen	Haufen Heu von geringem Umfang	kein_Trinken	Other	other
EH01024	Hanf(t)	Hanf	kein_Trinken	Other	other
EM01132	Marter, Martel	Marter, Qual	kein_Trinken	Other	other
EG01080	Gater	das erste Lederstück, wenn man den Absatz aufsetzt	kein_Trinken	Other	other
EP00513	Bicker II	Person mit verstocktem Sinn	kein_Trinken	Other	other
EG01220	Gix I	Schrei, Laut, Wörtchen; fast nur in der Rda	kein_Trinken	Other	other
ES02919	schlirgen	schmieren, sudeln, besudeln; schlecht malen	kein_Trinken	Other	other
EP00162	Buech, Buch	Buch	kein_Trinken	Other	other
ES04648	Staches	schwacher, einfältiger Mensch	kein_Trinken	Other	other
ET01667	Tëxt	Text, Bibelstelle	kein_Trinken	Other	other
EG00146	Gob	grüne Wanze	kein_Trinken	Other	other
EW00093	wubben	schlagen, hauen, prügeln	kein_Trinken	Other	other
EA00334	Agele, Agel	Granne, Spelze der Getreideähre, besonders Gerste; die holzigen Teile des Hanfs, die sich beim Brechen ablösen, Splitter, die bes. zum Feueranzünden dienen	kein_Trinken	Other	other
ES00713	Silinle	kleine Nägel, 6 Linien lang Westhalten	kein_Trinken	Other	other
EH00542	Holefërnes	stolzer Mensch; grosser und magerer Mann	kein_Trinken	Other	other
ET01262	Därlewätsch	Klatschbase	kein_Trinken	Other	other
EM00301	Majosch	Werkzeug des Schusters zum Glätten der Sohlen, frz. mailloche	kein_Trinken	Other	other
EL01388	Last	Last	kein_Trinken	Other	other
EQ00035	Qualität	Beschaffenheit	kein_Trinken	Other	other
EH01621	Hussel	Rotschwänzchen	kein_Trinken	Other	other
ET00840	Dunder II	Donner	kein_Trinken	Other	other
ES03053	Schmid	Schmied	kein_Trinken	Other	other
ER00921	Reparation	Veränderung, Wiederherstellung, Reparatur	kein_Trinken	Other	other
EP00053	Bobinle, Bobinel	Spule (mit aufgewickelter Wolle od. Baumwolle) aus Schilfrohr od. Hartpapier	kein_Trinken	Other	other
EK02345	kritizieren	(unbefugt) beurteilen, bekritteln	kein_Trinken	Other	other
ES00397	Sëgen	Segen	kein_Trinken	Other	other
EM01386	Maschin(e)	Maschine, bes. Dreschmaschine	kein_Trinken	Other	other
ET01322	thurnieren	poltern, lärmen	kein_Trinken	Other	other
EK00563	Kanali, Kanari	Kanarienvogel	kein_Trinken	Other	other
EP01466	Bahr	Bahre, Totenbahre	kein_Trinken	Other	other
EK01340	Kittel	Kittel, Rock	kein_Trinken	Other	other
ER00809	Ring	Ring, Fingerring	kein_Trinken	Other	other
EW00834	Wankel	Spielraum, Raum zu freier Bewegung	kein_Trinken	Other	other
EH01814	Hëx	Hexe	kein_Trinken	Other	other
ET01396	Dusel	Dusel, schlaftrunkener Zustand, Taumel	kein_Trinken	Other	other
ES01167	Sass	Sitzplatz, kunstlos durch Erdanhäufung u. dergl. vor dem Hause hergestellt; hölzerner od. steinerner Block, der sich zum Sitzen eignet	kein_Trinken	Other	other
ES03543	Schnuer, Schnur	Schnur	kein_Trinken	Other	other
EK00180	kudern	kauern, hocken	kein_Trinken	Other	other
EP02066	Bossel, Bosel	Person, die alle niedrigen, unangenehmen Dienste verrichtet, Kalfakter	kein_Trinken	Other	other
ET00285	Tafel(e)	Wandtafel in der Schule	kein_Trinken	Other	other
EM00128	Maicher, Maicherle	saurer Apfel	kein_Trinken	Trinken	Trinken
EF01183	fliehen	fliehen	kein_Trinken	Other	other
EP00894	Pomeranz	Apfelsine allg	kein_Trinken	Other	other
EP02135	Pauschen	Haufen ungeordneter Dinge	kein_Trinken	Other	other
ER00360	Rifen	Reif	kein_Trinken	Other	other
ES03461	Schnipper	Schneller, den man mit 2 Fingern, gew. mit Daumen und Mittelfinger, gibt	kein_Trinken	Other	other
EK01560	Klack	Riss an der Hand und bes. an den Lippen in Folge der Kälte	kein_Trinken	Other	other
ET02059	Triemen, Trumen	Endstück vom Aufzug eines Gewebes. An die abgeschnittenen Endfäden des alten Zettels wird der neue angedreht	kein_Trinken	Other	other
EN00501	nausen	zudringlich und in weinerlichem Tone verlangen, weinen, launisch sein, mürrisch sein	kein_Trinken	Other	other
ER00348	Rëff	Rückenkorb	kein_Trinken	Other	other
ET01994	traktieren	züchtigen, bändigen	kein_Trinken	Other	other
ES03743	Schramme	Schnittwunde	kein_Trinken	Other	other
EH00494	häl	dürr	kein_Trinken	Other	other
EL00189	Liche	der Tote	kein_Trinken	Other	other
EK01393	Kutter	Bettdecke, wollene Decke	kein_Trinken	Other	other
EH00546	Holleratti	Unkraut, in Trieben u. Blättern ähnlich wie Hollunder, aber ohne Holz, als Mittel gegen Hühnerläuse gebraucht, indem man einen Busch in den Hühnerstall hängt	kein_Trinken	Other	other
EM00588	mëlden	refl. vorsprechen, um etwas zu bekommen	kein_Trinken	Other	other
ES02313	schiessen	schiessen	kein_Trinken	Other	other
EZ00196	zackeren	pflügen	kein_Trinken	Other	other
EG01526	grüblen	grübeln, scharren, mit den Fingern herausbohren	kein_Trinken	Other	other
ET01474	Dispes	Wortstreit	kein_Trinken	Other	other
EN00360	Nina, Nini, Nuna, Nunn	kosende Bezeichnung für Schlaf, bes. in Wiegenliedchen	kein_Trinken	Other	other
ES05139	stampfen	stampfend auftreten, z. B. aus Zorn	kein_Trinken	Other	other
EK01274	Kest(ene)	Kastanie	kein_Trinken	Other	other
EF01395	Friden	Frieden, Ruhe, Ungestörtheit	kein_Trinken	Other	other
ER01514	Rezëpt	Rezept, ärztliche Verordnung	kein_Trinken	Other	other
EP04200	bruttlen	schmollen, murren	kein_Trinken	Other	other
EK00540	Kumper	Gevattersmann, auch Anrede bei Begegnung	kein_Trinken	Other	other
ES04791	Stieg	Treppe	kein_Trinken	Other	other
EP03941	Brunz	Urin	kein_Trinken	Other	other
ET00273	düdle	langsam gehn und dabei sich wiegen wie Gänse oder Enten	kein_Trinken	Other	other
ES01204	Saat	Samen	kein_Trinken	Other	other
EL01708	Luzias	Eigenname = Lucifer, Teufel	kein_Trinken	Other	other
ET00642	Tull	Tüll, feines Gewebe zu Schleiern	kein_Trinken	Other	other
EG01772	grüenzen	die ausgedroschenen Körner der Cerealien in der Wanne unter drehender Bewegung so schütteln, dass die nackten Körner am Rande, die mit Blatthäutchen (Hos) in der Mitte sich sammeln, worauf sie leicht zu scheiden sind	kein_Trinken	Other	other
EP01991	Beiß	Beize	kein_Trinken	Other	other
ES03334	Schnuder	flüssiger Nasenrotz	kein_Trinken	Other	other
EZ00017	zabelen	zappeln	kein_Trinken	Other	other
ES01725	Schuck	plötzlicher Sommerregen	kein_Trinken	Other	other
